<?xml version="1.0" encoding="UTF-8"?>
<config xmlns="http://www.oxygenxml.com/ns/ccfilter/simple"
        xmlns:xsi="http://www.w3.org/2001/XMLSchema-instance"
        xsi:noNamespaceSchemaLocation="configurationCC.xsd">

    <!-- NOTE: For the sex element, can't set values using ccfilter 
    since it's schema only allows NCNames as attribute values :-(    -->

    <!--<match elementName="prodname">
        <items>
            <item value="Car"/>
            <item value="Bus"/>
        </items>
    </match>
    
    <match elementName="writing" elementNS="http://www.tei-c.org/ns/1.0" attrName="who">
        <xslt href="../xsl/get_values_from_db.xsl" useCache="false"  action="replace"/>
    </match>-->

    <!--<match attrName="place">
        <items>
            <item value="above" annotation="above the line"/>
            <item value="below" annotation="below the line"/>
            <item value="inline" annotation="within the body of the text"/>
            <item value="margin" annotation="in the margin (left, right, or both)"/>
            <item value="left" annotation="on the left side"/>
            <item value="right" annotation="on the right side"/>
            <item value="top" annotation="at the top of the page"/>
            <item value="bottom" annotation="at the foot of the page"/>
            <item value="opposite" annotation="on the opposite, i.e. facing, page"/>
            <item value="overleaf" annotation="on the other side of the leaf"/>
            <item value="end" annotation="at the end of e.g. chapter or volume"/>
            <item value="inspace" annotation="in a predefined space, for example left by an earlier scribe"/>
        </items>
    </match>-->

    <match attrName="type" elementNS="http://www.tei-c.org/ns/1.0" elementName="div">
        <items action="replace">
            <item annotation="Address, e.g. transcribed from a letter" value="address"/>
            <item annotation="Entry in a journal, diary, travelogue, etc." value="entry"/>
            <item annotation="Illustration facing the title page of a book" value="frontispiece"/>
            <item annotation="Letter" value="letter"/>
            <item annotation="Introduction to a book, typically stating its subject, scope, or aims"
                  value="preface"/>
            <item annotation="Notes made by the author in a transcribed work" value="notes"/>
        </items>
    </match>

    <match attrName="type" elementNS="http://www.tei-c.org/ns/1.0" elementName="fw">
        <items action="replace">
            <item annotation="a running title at the top of the page" value="header"/>
            <item annotation="a running title at the bottom of the page" value="footer"/>
            <item annotation="(page number) a page number or foliation symbol" value="pageNum"/>
            <item annotation="(line number) a line number, either of prose or poetry"
                  value="lineNum"/>
            <item annotation="(signature) a signature or gathering symbol" value="sig"/>
            <item annotation="(catchword) a catch-word" value="catch"/>
        </items>
    </match>

    <match attrName="lang" attributeNS="http://www.w3.org/XML/1998/namespace">
        <items action="replace">
            <item annotation="Dutch" value="nl"/>
            <item annotation="English" value="en"/>
            <item annotation="French" value="fr"/>
            <item annotation="German" value="de"/>
            <item annotation="Latin" value="la"/>
        </items>
    </match>

    <match attrName="reason">
        <items action="replace">
            <item annotation="any kind of rubbing/strikethrough/blot" value="rubbing"/>
            <item
                    annotation="Anything that’s illegible because the handwriting is impossible to decipher"
                    value="hand"/>
            <item annotation="When legibility is hampered by overwriting" value="overwriting"/>
            <item
                    annotation="When illegible/unclear due to any kind of damage; smoke, hole, tear, water damage"
                    value="damage"/>
        </items>
    </match>

    <match attrName="break" elementNS="http://www.tei-c.org/ns/1.0" elementName="lb">
        <items action="replace">
            <item annotation="the line break is between words" value="yes"/>
            <item annotation="the line break is inside a word" value="no"/>
        </items>
    </match>

    <!-- Running the xslt w/o useCache is way too slow when the document is of a bigger size -->

    <!--<match attrName="hand">
        <xslt action="replace" href="hand.xsl" useCache="true"/>
    </match>

    <match attrName="new" elementNS="http://www.tei-c.org/ns/1.0" elementName="handShift">
        <xslt action="replace" href="hand.xsl" useCache="true"/>
    </match>

    <match attrName="facs">
        <xslt action="replace" href="facsimile.xsl" useCache="true"/>
    </match>-->

</config>
